subsidiÃ¡ria,sentimento,comentÃ¡rio
Schweppes,positivo,"misturar isso com Monster , fica bom ?"
Schweppes,positivo,ameiğŸ¥°
Schweppes,neutro,TÃ¡ tudo escrito em Ã¡rabe foi Ã³timo ğŸ˜… ğŸ˜‚ğŸ˜‚ğŸ˜‚ğŸ˜‚ğŸ˜‚
Schweppes,positivo,Eu quero ğŸ¥º
Schweppes,positivo,muito boa! ja provei ğŸ¥°
Schweppes,positivo,Meu refri favorito agora ğŸ¥°
Schweppes,positivo,"Ah que saudades, eu tomei muito esse Schweppes aÃ­ fui em maio desse ano, viagem maravilhosa!"
Schweppes,positivo,que legal skskskkğŸ¥°ğŸ¥°
Schweppes,positivo,"eu amo refri sem gÃ¡s, e romÃ£, entÃ£o acho q ia adorar"
Schweppes,positivo,essa tÃ´nica Ã© uma delÃ­cia mesmo
Schweppes,negativo,Eu detestei
Schweppes,negativo,tem gosto de dipiroma ruim dms slk
Schweppes,negativo,"eu achei horrÃ­vel, um gosto muito de remÃ©dio"
Schweppes,negativo,prefiro o guaranÃ¡ Jesus
Schweppes,negativo,"Amarga demais, uÃ³! Kkkkk"
Schweppes,neutro,gente essa bebida tem Ã¡lcool?
Schweppes,neutro,primeiro a comentar
Schweppes,neutro,segundaaaa
Schweppes,neutro,ğŸ¥°â˜ºï¸ğŸ˜Š
Schweppes,neutro,Parece GuaranÃ¡ Jesus.
Schweppes,neutro,comprei essa ontem! mas ainda nn provei
Schweppes,neutro,ğŸ¥°ğŸ¥°ğŸ¥°
Schweppes,neutro,@Fagundesszzz nescecito de Schweppes ğŸ¥¶
Schweppes,neutro,romÃ£ Ã© minha fruta favorita
Schweppes,neutro,Foi uma das notas mais altas ğŸ˜³
Schweppes,neutro,O gritinho dela e o melhor kkk
Schweppes,neutro,â€œEu tÃ´ no Egito e hoje eu vou provar Schweppes de RomÃ£â€ - â€œAhhhhhâ€
Schweppes,neutro,O dia que a Niki der um 10 eu caio pra trÃ¡s ğŸ˜‚ğŸ˜‚ğŸ˜‚ğŸ˜‚ğŸ˜‚
Schweppes,neutro,vc Ã© uma pessoa tÃ£o feliz ğŸ¥°ğŸ¥° amo vc
Schweppes,neutro,@jaque.bertoni
Schweppes,neutro,GuaranÃ¡ Jesus do Egito
Schweppes,neutro,ğŸ¥°ğŸ¥°ğŸ¥°
Schweppes,neutro,Nikiiii vc estÃ¡ no meu lugar favorito no mundooooooo!!!! Enjoy itâ€¦ AMO o Egito ğŸ¥°ğŸ¥°ğŸ˜‚ğŸ˜‚
Schweppes,neutro,essa moÃ§a Ã© a pessoa?
Schweppes,neutro,ğŸ¥°
Schweppes,neutro,ğŸ¥°ğŸ¥°ğŸ¥°
Schweppes,neutro,"rapaziada, quem puder me seguir p me ajudar a chegar em 10k seria top!! FaÃ§o videos e se puder curtir tbm kkkkkk"
Del Valle,positivo,EntÃ£o Ã© o 1% de suco mais gostoso da vida ğŸ˜‚ğŸ˜‚ğŸ˜‚ğŸ˜‚ğŸ˜‚
Del Valle,positivo,boa
Del Valle,positivo,eu gosto o do maracuja
Del Valle,positivo,o de maracujÃ¡ Ã© o melhor
Del Valle,positivo,prefiro esse de agr
Del Valle,positivo,O Novo Ta MelhorğŸ’•ğŸ’
Del Valle,negativo,nossa pÃ©ssimo sÃ³ comprei uma vez!!! nÃ£o deu para beber!!!
Del Valle,negativo,Del Valle era bom antes da coca comprar a marca.
Del Valle,negativo,"Depois que a coca comprou a Del vale, nÃ£o prestou mais ."
Del Valle,negativo,um pecado a coca comprou virou o lixo isso aÃ­
Del Valle,negativo,O prejuÃ­zo da troca de rÃ³tulos vai vir no bolso do consumidor.
Del Valle,negativo,O quÃª?????? isso nÃ£o era suco ğŸ˜³ğŸ˜³ğŸ˜³ por isso tinha aquele gosto travado na garganta
Del Valle,negativo,"eu queria comprar esse deu vale ontem no mercado, porem n encontrei nenhum lugar informando se era suco, se era refrigerante, se era refresco. Devolvi"
Del Valle,negativo,Suco Ã© aquele que fazemos em casa diretamente da fruta.
Del Valle,negativo,o Del vale e uma Ã¡gua suja com sabor de fruta ğŸ˜‚ğŸ˜‚ğŸ˜‚ğŸ˜‚
Del Valle,negativo,"e isso Ã© o q?! nÃ£o e suco, nÃ©ctar, refrir, sei mais lÃ¡ o que! Ã© sÃ³ Ã¡gua suja Ã©?!? ğŸ˜…"
Del Valle,negativo,Imagina a qualidade se atÃ© o Tang pode falar que Ã© refresco. ğŸ˜‚
Del Valle,negativo,Ã¡gua pura kkkk
Del Valle,negativo,1% Ã© piada..ğŸ˜‚ğŸ˜‚ğŸ˜‚
Del Valle,negativo,Quando era Dell Vale prestava
Del Valle,negativo,Oque tem dentro da garrafa entÃ£o Ã¡gua com aÃ§Ãºcar
Del Valle,negativo,prefiro o antigo
Del Valle,negativo,"ey era dos antigos e quando minha mae comprou o novo eu falei nossa mamae esse kapo e falso e eunodiava quando ela comprava o ""kapo falso"""
Del Valle,negativo,aviadaram... aviadaram kapo
Del Valle,neutro,"E o Ki-Suco q tem suco no nome, mas o q menos tem ali Ã© fruta. Ã‰ sÃ³ aÃ§Ãºcar e corante."
Del Valle,neutro,aprendi foi nos @seusdireitos
Del Valle,neutro,desculpa mas aprendi essas coisas em outro canal ğŸ˜… foi Aki nÃ£o kk
Del Valle,neutro,Os advogados do Tiktok estÃ£o virando o terror das empresas ğŸ˜…ğŸ˜…ğŸ˜…ğŸ˜…
Del Valle,neutro,@otaviiojustino
Del Valle,neutro,@seusdireitos
Del Valle,neutro,finalmente
Del Valle,neutro,@kauenassar
Del Valle,neutro,ğŸ¤£ğŸ¤£
Del Valle,neutro,"fa sobre o serrasa ?
e o CPF se limpa 100% o nome ğŸ˜"
Del Valle,negativo,"E lÃ¡ se vai o design, a arte, vamos ver onde isso vai dar..."
Del Valle,neutro,Daqui a pouco os advogados do tik tok vÃ£o aparecer mortos kkkkk
Del Valle,neutro,eu sempre achei q sucoğŸ˜¾
Del Valle,neutro,pensei q era suco
Del Valle,neutro,@seusdireitos
Del Valle,neutro,Nunca tomei ğŸ˜‚
Del Valle,neutro,ğŸ˜³
Del Valle,neutro,"Achei que fosse por chamarem todo laranja, aÃ­ no DF..."
Del Valle,neutro,ğŸ˜‚ğŸ˜‚ğŸ˜‚ğŸ˜‚ğŸ˜‚ğŸ˜‚ğŸ˜‚ğŸ˜‚
Del Valle,neutro,AI MOIOU ..
Del Valle,neutro,"uÃ© . e Tang, etc etc?? tÃ¡ escrito suco lÃ¡ kkkkkkk"
Del Valle,neutro,suco kkkk
Del Valle,neutro,ğŸ˜³ uau
Del Valle,neutro,esse suco sÃ³ serve p tomar cm vodka e olhe lağŸ˜‚
Del Valle,neutro,"e os pozinhos de suco ? que sÃ£o 0,03%"
Del Valle,neutro,SOCORRO
Del Valle,neutro,â˜†Mary Claraâ˜†
Del Valle,neutro,"mano,SIM kkkk"
Del Valle,neutro,cara eu era da Ã©poca que o de uva tinha um tubarÃ£o na embalagem
Del Valle,neutro,ğŸ˜‚ğŸ˜‚ğŸ˜‚
Del Valle,neutro,ğŸ˜‚ğŸ˜‚ğŸ˜‚
Del Valle,neutro,@ğ“–ğ“ªğ“«ğ”‚ â€¢ ğŸ€
Del Valle,neutro,@mari.mxwllo5 aaaaa eu lembro ğŸ¥º
Del Valle,neutro,@Amanda._.xss ğŸ§¿ MN KKKKKKKKKKKKKKKKK
Del Valle,neutro,@â˜†
Del Valle,neutro,nÃ£o Ã© tomarğŸ¤¨
Del Valle,neutro,nussa kapo era assim? msm assim era gsts nÃ©? sÃ³ da Ã©poca do kapo bonitin
Coca-Cola,positivo,aonde que vende o Oreo de coca
Coca-Cola,positivo,gente eu comprei Ã© muito bom
Coca-Cola,positivo,eu amei ğŸ˜­â™¥ï¸
Coca-Cola,positivo,eu vendo isso bebendo ainda bem pq nn fico com vontade lkkkkkk
Coca-Cola,positivo,Adoro !!!â¤ï¸ğŸ¥¤
Coca-Cola,positivo,Eu vendo isso tomando uma coquinha gelada
Coca-Cola,positivo,acabei de beber um corpÃ£o de refriğŸ¤¡
Coca-Cola,positivo,eu tÃ´ literalmente bebendo coca cola agora
Coca-Cola,positivo,eu vendo isso bebendo uma coca ğŸ™âœ¨
Coca-Cola,positivo,pra mim nÃ£o fez diferenÃ§a nenhuma continuei tomando coca cola e achei ridÃ­culo da parte dele ate por que a coca cola estava patrocinado tbm
Coca-Cola,positivo,grandes coisa eu continuo gostando e bebendo
Coca-Cola,positivo,nÃ£o vai ser ele que vai fazer eu parar de beber coca cola ğŸ˜‚
Coca-Cola,negativo,nÃ£o Ã© biscoito Ã© bolacha >:(
Coca-Cola,negativo,o gosto Ã© ruim
Coca-Cola,negativo,Gente esse biscoito Ã© muito esquisito
Coca-Cola,negativo,Mentira nÃ£o tem o cheiro
Coca-Cola,negativo,A bolacha Ã© mto ruim ğŸ˜–
Coca-Cola,negativo,vai custar uns 40 reais se chegar atÃ© minha cidade
Coca-Cola,negativo,eu comprei a coca cola e n gostei
Coca-Cola,negativo,"experimentei ontem essa coca oreo, hoje tÃ´ passando o dia com dor de barriga."
Coca-Cola,negativo,Ã³reo da coca cola Ã© ruim demais kkkkkkk
Coca-Cola,negativo,eles segurando pra na nÃ£o cuspir KAKAKAKA
Coca-Cola,negativo,tenho certeza que e ruim a bebida kkkkk
Coca-Cola,negativo,a bolachinha Ã© meio ruimğŸ˜•
Coca-Cola,negativo,"COCA-COLA, COMEÃ‡OU A ESTRAGAR A MARCA DELAğŸ¥º"
Coca-Cola,negativo,n gostei do Oreo de coca Ã© ruimğŸ¥²
Coca-Cola,negativo,â€œÃ‰ docinho â€œ â€œele Ã© sem aÃ§ÃºcarğŸ˜¦â€ nÃ£o entendi kkkkkkk
Coca-Cola,negativo,queria ter lido esses comentÃ¡rios antes.. nÃ£o tinha passado tanto desgosto ğŸ˜‚
Coca-Cola,negativo,Eles evitando tomar pq Ã© ruim
Coca-Cola,negativo,a coca cola Oreo Ã© ruim. Mas o biscoito eu amei
Coca-Cola,negativo,O Ãlvaro kkkkk amigo eu amei kkkkkkkkk como finge mds
Coca-Cola,negativo,eh ruim de mais o gosto
Coca-Cola,negativo,gente essa coca cola e muito ruiiiiiimmm
Coca-Cola,negativo,o oreo Ã© meio ruimzinho
Coca-Cola,negativo,"eu dei esse Oreo pra minha amiga, ela quase vomitou com isso kkkkkkkkkk"
Coca-Cola,negativo,COCA COLA me nota sou desdo tempo do rato na garafağŸ™Œ
Coca-Cola,negativo,ainda bem que eu nao tomo refrigerante ğŸ˜
Coca-Cola,negativo,Ainda bem que eu nÃ£o gosto de refrigerante
Coca-Cola,negativo,meu tio tambem tÃ¡ prosecando a coca cola pois achou uma rÃ£ dentro e ele compra para revender
Coca-Cola,negativo,Eu n tomava coca por isso kkkkkkk
Coca-Cola,negativo,"coca cola limpa atÃ© ferrugem gente ,vcs vivem aonde???"
Coca-Cola,negativo,o negÃ³cio do rato na coca cola aconteceu a mesma coisa com a minha mÃ£e
Coca-Cola,negativo,MANO JÃ VEIO UM RATO NA COCA COLA Q O PESSOAL DA IGREJA TINHA COMPRADO TEM ATÃ‰ FOTI
Coca-Cola,negativo,Eu tÃ´ um pouco em choque com a informaÃ§Ã£o q podemos tÃ¡ tomando rato dissolvido sem saber
Coca-Cola,negativo,eu passei 1 ano sem beber coca pq fiquei traumatizada
Coca-Cola,negativo,ou... a gente pode estar bebendo um monte de bixo dissolvido dentro do nosso refrigerante
Coca-Cola,negativo,MINHA TIA ACHOU UM SAPOOOOOOO NO REFRIGERANTE DELAAAAA
Coca-Cola,negativo,ainda bem que eu nÃ£o tomo refrigerante.
Coca-Cola,negativo,"Quando pequena, a minha tia tinha um bar que vendia coca-cola, e minha mÃ£e nÃ£o gostava que eu bebesse refrigerante por conta da minha idade, entÃ£o ela me contava que tinham ratos na coca-cola, e +"
Coca-Cola,negativo,foi por causa disso que parei de beber coca ğŸ˜
Coca-Cola,negativo,"Estou hÃ¡ um ano e 1 mÃªs sem beber coca cola. Ã‰ difÃ­cil, mas com forÃ§a de vontade a gente consegue."
Coca-Cola,negativo,coca cola nÃ£o deveria nem existir e um veneno Ã© uma droga q vicia meu marido e mas obeso por essa mrrda jÃ¡ brigamos muito mas ele nÃ£o consegue parar
Coca-Cola,negativo,"se a coca cola processa ele, eles que ainda iam perderğŸ˜‚"
Coca-Cola,negativo,PQ ELE NÃƒO DOA O PATROCINIO DA COCA COLA PRA ALGUMA INSTITUIÃ‡ÃƒO AO INVÃ‰S DE USUFRUIR DOS COCADOLARES
Coca-Cola,negativo,gente isso Ã© combinado a coca cola e o Cristiano ronaldo .
Coca-Cola,negativo,tem q ser processado e pagar milhÃµes pra coca
Coca-Cola,negativo,2 minutos depois jÃ¡ ganharam 10 bilhÃµes
Coca-Cola,neutro,"""Ã© bem docinha, sem aÃ§Ãºcar"" KKKKKKKKKK"
Coca-Cola,neutro,eles comendo coca e bebendo biscoito
Coca-Cola,neutro,e bolacha ğŸ˜…
Coca-Cola,neutro,vc pode me manda dois aqui de 309 reais
Coca-Cola,neutro,pq ediÃ§Ã£o limitada Ã© tudo zero ???
Coca-Cola,neutro,e bolachaaaaaaa
Coca-Cola,neutro,Eh bolacha !!!
Coca-Cola,neutro,o oreo de coca me decepcionou com o gosto kkkkkk mas a coca tÃ¡ tuuudo
Coca-Cola,neutro,"eu acho que eles nunca provaram aqueles pirulitos que vem num pacotinho, Ã© dentro do pacotinho vem um tipo de aÃ§Ãºcar que quando coloca na boca estrela kkkkk"
Coca-Cola,neutro,o Bai e o Tola
Coca-Cola,neutro,To bebendo agora slk
Coca-Cola,neutro,Faz 6 dias q eu n tomo coca ğŸ™ŒğŸ™ŒğŸ™ŒğŸ™Œ(parei por opÃ§Ã£o)
Coca-Cola,neutro,eu
Coca-Cola,neutro,Eu a qualquer hora do dia
Coca-Cola,neutro,eu com sprite
Coca-Cola,neutro,nÃ£o to podendo tomar pq to passando mal ğŸ™„
Coca-Cola,neutro,eu 5 da manha de uma segunda feira
Coca-Cola,neutro,eu hj ğŸ¤£ğŸ¤£
Coca-Cola,neutro,Eu com qualquer bebida zero: ğŸ˜®â€ğŸ’¨ğŸ¤™ğŸ»
Coca-Cola,neutro,assim
Coca-Cola,neutro,sÃ³ pra comeÃ§ar o dia
Coca-Cola,neutro,eu agora
Coca-Cola,neutro,EU AGR
Coca-Cola,neutro,Eu nesse momento
Coca-Cola,neutro,eu hj kkkkk
Coca-Cola,neutro,vÃ£o no meu lÃ¡ gente
Coca-Cola,neutro,eu
Coca-Cola,neutro,coisas que nÃ£o sÃ£o da minha conta
Coca-Cola,neutro,Meu namorado trabalhou em uma fÃ¡brica de aÃ§Ãºcar e ele disse que o aÃ§Ãºcar vive no chÃ£o os funcionÃ¡rios pisando sujeira tudo junto
Coca-Cola,neutro,Se vocÃªs vissem como Ã© feito o extrato de tomate ğŸ˜…
Coca-Cola,neutro,"contanto que eu nÃ£o saiba, ta tranquilo"
Coca-Cola,neutro,meu cÃ©rebro parou quando ela disse que o corpo jÃ¡ teria dissolvido em alguns dias ğŸ˜³
Coca-Cola,neutro,MEU PAI ACHOU UMA BARATA DENTRO DE UM GUARANÃ KKKKKKKKKKKKKKKKKKKK Ele ganhou um monte de refri dps
Coca-Cola,neutro,"Depois dessa pergunta, a polÃ­cia tÃ¡ monitorando ela, nÃ©?"
Coca-Cola,neutro,obrigado pela informaÃ§Ã£o kkkkkkkkkkkk
Coca-Cola,neutro,"cara se fosse tÃ£o Ã¡cido assim, a gente ia morrer se tomasse qualquer refri"
Coca-Cola,neutro,vou testar e volto pra dizer se deu certo
Coca-Cola,neutro,"estava estudando sobre o processo de engarrafamento e verificaÃ§Ã£o de refrigerante no curso, e realmente Ã© IMPOSSÃVEL um rato entrar na garrafa e sair da fÃ¡brica"
Coca-Cola,neutro,MAIOR PLOT DA MINHA VIDA
Coca-Cola,neutro,E isso dissolve mesmo ?
Coca-Cola,neutro,eu to bebendo coca agora ğŸ˜”
Coca-Cola,neutro,ei vocÃª ğŸ«µğŸ» eu te amo â‰ï¸
Coca-Cola,neutro,essa informaÃ§Ã£o me Ã© Ãºtil.
Coca-Cola,neutro,Novo trauma desbloqueado com sucesso ğŸ˜…
Coca-Cola,neutro,"SOCORROOOOO EU PENSEI EXATAMENTE NISSO, A ÃšLTIMA PERGUNTA NO CASO"
Coca-Cola,neutro,eu pensei isso no comeÃ§o depois ela falou mesmo oq eu pensei ğŸ’€
Coca-Cola,neutro,vc parece mt aquela amg da luisa alvarenga
Coca-Cola,neutro,Eu tambÃ©m me perguntei isso
Coca-Cola,neutro,Vo tenta
Coca-Cola,neutro,Ele acreditou que a Ã¡gua Ã© mior que a cola coca
Coca-Cola,neutro,"1.6% ""Quase quebrou "" kkkkkkkkkkkkkkk affs"
Coca-Cola,neutro,olha eu tomo bastante Ã¡gua ğŸ¥° Ã¡gua Ã© saudÃ¡vel ğŸ˜˜
Coca-Cola,neutro,"sÃ³ rindo de tanta inocencia de alguÃ©m acredita nisso,ğŸ¤­ğŸ¤­ğŸ¤­"
Coca-Cola,neutro,E se tivesse aÃ§Ãµes de Ãgua KAKAKAKAKAKAK
Coca-Cola,neutro,ğŸ˜‚ğŸ˜‚ğŸ˜‚e eu com isso ğŸ˜‚ğŸ˜‚ğŸ˜‚
Coca-Cola,neutro,mentira aÃ­ vc falou besteira. c liga
Coca-Cola,neutro,eles perdem isso quase todos os dias KKKKKKKKKKKKKKKK
Coca-Cola,neutro,siuuuu
Coca-Cola,neutro,"Quebrar Ã© demais, mas um prejuÃ­zo bem dado Ã© possÃ­vel"
Coca-Cola,neutro,Perdeu 4 bilhÃµes.. isso Ã© o que a empresa ganha em 4 dias
Coca-Cola,neutro,ğŸ¥°
Coca-Cola,neutro,cr7 jÃ¡ fez propaganda pra coca cola
Coca-Cola,neutro,Isso tudo Ã© marketing ğŸ˜
Coca-Cola,neutro,Duvido se fosse no inÃ­cio da carreira ele teria feito isto...kkk
Coca-Cola,neutro,"Se Ele BebÃª A Coca
as AÃ§Ãµes dobrao"
Coca-Cola,neutro,"CASO NAO FOSSE RICO E FAMOSO,NUNCA TERIA FEITO."
Coca-Cola,neutro,perdeu bilhÃµes mais salvou vidas
Coca-Cola,neutro,ğŸ‘ğŸ™‚
Coca-Cola,neutro,Bravo CRISTIANO RONALDO!!!
Coca-Cola,neutro,saÃºde ğŸ˜ğŸ˜
Coca-Cola,neutro,ğŸ˜ğŸ˜ğŸ˜ğŸ˜ğŸ˜ğŸ˜
Coca-Cola,neutro,"Se eu fosse o diretor da Coca cola tirava uma Ferrari dele , Atitude ridÃ­culo , Messi ,e Ronaldinho nunca fez isso ğŸ¤”"
Coca-Cola,neutro,Vamos falar de nÃ³s eles jÃ¡ sÃ£o famoso coca e Ronaldo
Coca-Cola,neutro,eu bebendo coca cola vendo issoğŸ˜…
Coca-Cola,neutro,alguÃ©m viu breaking bad demais
Fanta,positivo,Eu achei gostosa
Fanta,positivo,Eu senti o sabor de maÃ§Ã£ verde com pimenta. Eu particularmente achei interessante kkk
Fanta,positivo,agora eu quero comprar ğŸ˜
Fanta,positivo,Ummm deve ficar mto boa em drinks espero que nÃ£o seja sÃ³ temporada.
Fanta,positivo,Eu jÃ¡ queerooo
Fanta,negativo,e muito ruim parece remedio
Fanta,negativo,"eu comprei e achei horrÃ­vel, muito ruim kkkk"
Fanta,negativo,"NÃ£o gostei, pra quem Ã© sensÃ­vel a pimenta nÃ£o tome, passei mal, queima a garganta"
Fanta,negativo,se tomar 2 latas dessa aÃ­ o cocÃ´ sai verde
Fanta,negativo,"tem pimentaaaa quase morri ğŸ˜‚ğŸ˜‚ tenho alergiaaaaaa , fiquei me coÃ§ando muito"
Fanta,negativo,"GENTE, ISSO ARDE"
Fanta,negativo,Ã‰ MUITO ARDIDO
Fanta,negativo,obrigado nÃ£o comprarei kk
Fanta,negativo,arde mesmo o sabor e uma delÃ­cia mas no final a pimenta acaba com tudo
Fanta,negativo,Todas as Fantas diferentes que jÃ¡ provei eu simplesmente ODIEI.ğŸ˜‚ğŸ˜‚ğŸ˜‚
Fanta,negativo,meu estÃ´mago jÃ¡ doeu sÃ³ de olhar..eu acho a fanta o pior refri
Fanta,neutro,Ã© igual cine de maÃ§a verde
Fanta,neutro,Culpa da galera que posta provando aÃ­ acaba com a graÃ§a do mistÃ©rio ğŸ™„ğŸ™„
Fanta,neutro,estÃ¡ escrito atrÃ¡s da lata ğŸ¤¨
Fanta,neutro,e todos sÃ£o de maÃ§Ã£ verdes lkkkkkkkk
Fanta,neutro,Ã‰ sÃ³ ler o rÃ³tulo na parte dos ingredientes ğŸ¤¡
Fanta,neutro,SÃ©rio que vocÃªs NÃƒO SABIA QUE TINHA PIMENTA?ğŸŒ¶ï¸ğŸŒ¶ï¸
Fanta,negativo,1% de fruta? Nem precisa por fruta kkkkk
Fanta,neutro,"e sabor de maÃ§Ã£, tÃ¡ nos ingredientes"
Fanta,negativo,eu senti queimando e achei que tava meio doida
Fanta,neutro,morri um extrato de tomate e nasce um copo kkkkk aqui e assim tambÃ©m ğŸ˜‚ğŸ˜‚ğŸ˜‚
Fanta,neutro,1% kkkkkkk
Fanta,neutro,Pensei que era sÃ³ eu que tinha sentido pimenta ğŸ˜‚ğŸ˜‚
Fanta,neutro,Arde um poucoğŸ˜±
Fanta,neutro,Ã‰ maÃ§Ã£
Fanta,neutro,Ã© de pimenta ğŸ˜…ğŸ˜…ğŸ˜…ğŸ˜…ğŸ˜…
Fanta,neutro,azideia mano pimenta ğŸ˜³kkkkkkk
Fanta,neutro,Pimenta ğŸŒ¶ï¸ğŸ˜‚ğŸ˜‚ socorro !!!!
Fanta,neutro,"NÃ£o Ã© ( Morango )
Ã‰ framboesa !!!"
Fanta,neutro,Ã© de framboesa com 1 Tok de pimenta ...
Fanta,neutro,ele a cada palavra :ğŸ˜ğŸ˜‚ğŸ¤£ğŸ˜…ğŸ˜†
Fanta,neutro,FABIO PORCHAT TA DIFERENTE ğŸ˜³ğŸ˜‚ğŸ˜‚ğŸ˜‚ğŸ˜‚
Fanta,neutro,tbm senti esse sabor
Fanta,neutro,ai representou nÃ³s com o copo de requeijÃ£o ğŸ˜
Fanta,neutro,Pedroo experimenta os novos Doritos.ğŸ¤­
Fanta,neutro,prova os picolÃ©s do master chef ğŸ˜
Fanta,neutro,VÃ©i seus vÃ­deos sÃ£o muito bons ğŸ˜‚ğŸ˜‚ğŸ˜‚
Fanta,neutro,pse
Fanta,neutro,eu comprei nÃ£o experimentei ainda nÃ£o
Fanta,neutro,hi hi hi hi hi
Fanta,neutro,eu senti gosto de morango com pimenta
Fanta,neutro,gente eu jurava que era a guaranÃ¡ Jesus com pimenta
Fanta,negativo,ğŸ˜‚ğŸ˜‚ eu achei que tava doida da cabeÃ§a quando senti queimando tudo. Que bom que nÃ£o tÃ´.